[{"name": "Gal Gadot", "gender": 1, "year_born": "1985", "first_movie": "Bubot", "year_first_movie": "2007", "credits": "25"}, {"name": "Tom Hardy", "gender": 0, "year_born": "1977", "first_movie": "Tommaso", "year_first_movie": "2001", "credits": "55"}, {"name": "Emilia Clarke", "gender": 1, "year_born": "1986", "first_movie": "Doctors", "year_first_movie": "2009", "credits": "17"}, {"name": "Alexandra Daddario", "gender": 1, "year_born": "1986", "first_movie": "All My Children", "year_first_movie": "2002-2003", "credits": "51"}, {"name": "Bill Skarsg\u00e5rd", "gender": 0, "year_born": "1990", "first_movie": "J\u00e4rng\u00e4nget", "year_first_movie": "2000", "credits": "30"}, {"name": "Pom Klementieff", "gender": 1, "year_born": "1986", "first_movie": "Apr\u00e8s lui", "year_first_movie": "2007", "credits": "27"}, {"name": "Ana de Armas", "gender": 1, "year_born": "1988", "first_movie": "Una rosa de Francia", "year_first_movie": "2006", "credits": "23"}, {"name": "Dan Stevens", "gender": 0, "year_born": "1982", "first_movie": "Frankenstein", "year_first_movie": "2004", "credits": "37"}, {"name": "Sofia Boutella", "gender": 1, "year_born": "1982", "first_movie": "Le d\u00e9fi", "year_first_movie": "2002", "credits": "17"}, {"name": "Katherine Langford", "gender": 1, "year_born": "1996", "first_movie": "Story of Miss Oxygen", "year_first_movie": "2015", "credits": "8"}, {"name": "Karen Gillan", "gender": 1, "year_born": "1987", "first_movie": "Rebus", "year_first_movie": "2006", "credits": "51"}, {"name": "Margot Robbie", "gender": 1, "year_born": "1990", "first_movie": "City Homicide", "year_first_movie": "2008", "credits": "31"}, {"name": "Felicity Jones", "gender": 1, "year_born": "1983", "first_movie": "The Treasure Seekers", "year_first_movie": "1998", "credits": "42"}, {"name": "Emma Stone", "gender": 1, "year_born": "1988", "first_movie": "The New Partridge Family", "year_first_movie": "2005", "credits": "42"}, {"name": "Dylan Minnette", "gender": 0, "year_born": "1996", "first_movie": "Two and a Half Men", "year_first_movie": "2005", "credits": "45"}, {"name": "Jennifer Lawrence", "gender": 1, "year_born": "1990", "first_movie": "Monk", "year_first_movie": "2006", "credits": "30"}, {"name": "Alicia Vikander", "gender": 1, "year_born": "1988", "first_movie": "Min balsamerade mor", "year_first_movie": "2002", "credits": "36"}, {"name": "Britt Robertson", "gender": 1, "year_born": "1990", "first_movie": "Sheena", "year_first_movie": "2000", "credits": "48"}, {"name": "Ruby Rose", "gender": 1, "year_born": "1986", "first_movie": "Boys Like You", "year_first_movie": "2011", "credits": "12"}, {"name": "Brie Larson", "gender": 1, "year_born": "1989", "first_movie": "The Tonight Show with Jay Leno", "year_first_movie": "1998", "credits": "57"}, {"name": "Keanu Reeves", "gender": 0, "year_born": "1964", "first_movie": "Hangin' In", "year_first_movie": "1984", "credits": "95"}, {"name": "Sophia Lillis", "gender": 1, "year_born": "2002", "first_movie": "The Lipstick Stain", "year_first_movie": "2014", "credits": "13"}, {"name": "Jessica Henwick", "gender": 1, "year_born": "1992", "first_movie": "St Trinian's 2: The Legend of Fritton's Gold", "year_first_movie": "2009", "credits": "25"}, {"name": "Cara Delevingne", "gender": 1, "year_born": "1992", "first_movie": "Anna Karenina", "year_first_movie": "2012/I", "credits": "20"}, {"name": "Haley Bennett", "gender": 1, "year_born": "1988", "first_movie": "Music and Lyrics", "year_first_movie": "2007", "credits": "26"}, {"name": "Luke Evans", "gender": 0, "year_born": "1979", "first_movie": "Taboo", "year_first_movie": "2003", "credits": "37"}, {"name": "Teresa Palmer", "gender": 1, "year_born": "1986", "first_movie": "Wolf Creek", "year_first_movie": "2005", "credits": "32"}, {"name": "Tom Holland", "gender": 0, "year_born": "1996", "first_movie": "The Secret World of Arrietty", "year_first_movie": "2010", "credits": "22"}, {"name": "Alison Brie", "gender": 1, "year_born": "1982", "first_movie": "Stolen Poem", "year_first_movie": "2004", "credits": "61"}, {"name": "Robin Wright", "gender": 1, "year_born": "1966", "first_movie": "The Yellow Rose", "year_first_movie": "1983-1984", "credits": "54"}, {"name": "Zendaya", "gender": 1, "year_born": "1996", "first_movie": "Bella Thorne & Zendaya: Watch Me", "year_first_movie": "2011", "credits": "38"}, {"name": "Emma Watson", "gender": 1, "year_born": "1990", "first_movie": "Harry Potter and the Sorcerer's Stone", "year_first_movie": "2001", "credits": "21"}, {"name": "Scarlett Johansson", "gender": 1, "year_born": "1984", "first_movie": "North", "year_first_movie": "1994", "credits": "63"}, {"name": "Dafne Keen", "gender": 1, "year_born": "1966", "first_movie": "The Refugees", "year_first_movie": "2014-2015", "credits": "4"}, {"name": "Kelly Rohrbach", "gender": 1, "year_born": "1990", "first_movie": "Wilt", "year_first_movie": "2012", "credits": "16"}, {"name": "Eiza Gonz\u00e1lez", "gender": 1, "year_born": "1990", "first_movie": "Lola: \u00c9rase una vez", "year_first_movie": "2007", "credits": "19"}, {"name": "Laura Haddock", "gender": 1, "year_born": "1985", "first_movie": "My Family", "year_first_movie": "2007", "credits": "35"}, {"name": "Mary Elizabeth Winstead", "gender": 1, "year_born": "1984", "first_movie": "Touched by an Angel", "year_first_movie": "1997", "credits": "53"}, {"name": "Taron Egerton", "gender": 0, "year_born": "1989", "first_movie": "The Last of the Haussmans", "year_first_movie": "2012", "credits": "16"}, {"name": "Anya Taylor-Joy", "gender": 1, "year_born": "1996", "first_movie": "Vampire Academy", "year_first_movie": "2014", "credits": "17"}, {"name": "Elizabeth Debicki", "gender": 1, "year_born": "1990", "first_movie": "A Few Best Men", "year_first_movie": "2011", "credits": "21"}, {"name": "Katheryn Winnick", "gender": 1, "year_born": "1977", "first_movie": "PSI Factor: Chronicles of the Paranormal", "year_first_movie": "1999", "credits": "61"}, {"name": "Sean Young", "gender": 1, "year_born": "1959", "first_movie": "Jane Austen in Manhattan", "year_first_movie": "1980", "credits": "122"}, {"name": "Bill Paxton", "gender": 0, "year_born": "1955", "first_movie": "Crazy Mama", "year_first_movie": "1975", "credits": "94"}, {"name": "Charlie Hunnam", "gender": 0, "year_born": "1980", "first_movie": "My Wonderful Life", "year_first_movie": "1996", "credits": "28"}, {"name": "Yvonne Strahovski", "gender": 1, "year_born": "1982", "first_movie": "Double the Fist", "year_first_movie": "2004", "credits": "34"}, {"name": "Jason Momoa", "gender": 0, "year_born": "1979", "first_movie": "Baywatch", "year_first_movie": "1999-2001", "credits": "27"}, {"name": "Lily James", "gender": 1, "year_born": "1989", "first_movie": "Just William", "year_first_movie": "2010", "credits": "25"}, {"name": "Jodie Whittaker", "gender": 1, "year_born": "1982", "first_movie": "The Afternoon Play", "year_first_movie": "2006", "credits": "50"}, {"name": "Ryan Gosling", "gender": 0, "year_born": "1980", "first_movie": "Are You Afraid of the Dark?", "year_first_movie": "1995", "credits": "43"}, {"name": "Adrianne Palicki", "gender": 1, "year_born": "1983", "first_movie": "Rewrite", "year_first_movie": "2003", "credits": "44"}, {"name": "Millie Bobby Brown", "gender": 1, "year_born": "2004", "first_movie": "Once Upon a Time in Wonderland", "year_first_movie": "2013", "credits": "10"}, {"name": "Allison Williams", "gender": 1, "year_born": "1988", "first_movie": "American Dreams", "year_first_movie": "2004", "credits": "14"}, {"name": "Chris Pratt", "gender": 0, "year_born": "1979", "first_movie": "Cursed Part 3", "year_first_movie": "2000", "credits": "49"}, {"name": "Katherine Waterston", "gender": 1, "year_born": "1980", "first_movie": "Americana", "year_first_movie": "2004", "credits": "43"}, {"name": "Tom Cruise", "gender": 0, "year_born": "1962", "first_movie": "Endless Love", "year_first_movie": "1981", "credits": "46"}, {"name": "Johnny Depp", "gender": 0, "year_born": "1963", "first_movie": "A Nightmare on Elm Street", "year_first_movie": "1984", "credits": "86"}, {"name": "James McAvoy", "gender": 0, "year_born": "1979", "first_movie": "The Near Room", "year_first_movie": "1995", "credits": "53"}, {"name": "Travis Fimmel", "gender": 0, "year_born": "1979", "first_movie": "I Used the Staff Solution", "year_first_movie": "2001", "credits": "26"}, {"name": "Charlize Theron", "gender": 1, "year_born": "1975", "first_movie": "Children of the Corn III: Urban Harvest", "year_first_movie": "1995", "credits": "58"}, {"name": "Cole Sprouse", "gender": 0, "year_born": "1992", "first_movie": "Grace Under Fire", "year_first_movie": "1993-1998", "credits": "35"}, {"name": "Kaya Scodelario", "gender": 1, "year_born": "1992", "first_movie": "Moon", "year_first_movie": "2009", "credits": "23"}, {"name": "Abigail Breslin", "gender": 1, "year_born": "1996", "first_movie": "Toys R Us: 1999 Commercial", "year_first_movie": "1999", "credits": "44"}, {"name": "Daisy Ridley", "gender": 1, "year_born": "1992", "first_movie": "Only Yesterday", "year_first_movie": "1991", "credits": "32"}, {"name": "Emily Browning", "gender": 1, "year_born": "1988", "first_movie": "The Echo of Thunder", "year_first_movie": "1998", "credits": "30"}, {"name": "Christopher Nolan", "gender": 0, "year_born": "1970", "first_movie": "Tarantella", "year_first_movie": "1989", "credits": "16"}, {"name": "Zoe Saldana", "gender": 1, "year_born": "1978", "first_movie": "Law & Order", "year_first_movie": "1999", "credits": "56"}, {"name": "Lena Headey", "gender": 1, "year_born": "1973", "first_movie": "Waterland", "year_first_movie": "1992", "credits": "76"}, {"name": "Hugh Jackman", "gender": 0, "year_born": "1968", "first_movie": "Law of the Land", "year_first_movie": "1994", "credits": "57"}, {"name": "Kit Harington", "gender": 0, "year_born": "1986", "first_movie": "Silent Hill: Revelation", "year_first_movie": "2012", "credits": "14"}, {"name": "Leonardo DiCaprio", "gender": 0, "year_born": "1974", "first_movie": "Romper Room and Friends", "year_first_movie": "1979", "credits": "42"}, {"name": "Malina Weissman", "gender": 1, "year_born": "2003", "first_movie": "Teenage Mutant Ninja Turtles", "year_first_movie": "2014", "credits": "6"}, {"name": "Finn Jones", "gender": 0, "year_born": "1988", "first_movie": "Hollyoaks Later", "year_first_movie": "2009", "credits": "14"}, {"name": "Chlo\u00eb Grace Moretz", "gender": 1, "year_born": "1997", "first_movie": "The Guardian", "year_first_movie": "2004", "credits": "65"}, {"name": "Alexander Skarsg\u00e5rd", "gender": 0, "year_born": "1976", "first_movie": "\u00c5ke och hans v\u00e4rld", "year_first_movie": "1984", "credits": "59"}, {"name": "Amy Adams", "gender": 1, "year_born": "1974", "first_movie": "Drop Dead Gorgeous", "year_first_movie": "1999", "credits": "59"}, {"name": "Bella Thorne", "gender": 1, "year_born": "1997", "first_movie": "Stuck on You", "year_first_movie": "2003", "credits": "75"}, {"name": "Rebecca Ferguson", "gender": 1, "year_born": "1983", "first_movie": "Nya tider", "year_first_movie": "1999-2000", "credits": "25"}, {"name": "Julia Garner", "gender": 1, "year_born": "1994", "first_movie": "The Dreamer", "year_first_movie": "2010/II", "credits": "27"}, {"name": "Joan Crawford", "gender": 1, "year_born": "1906", "first_movie": "Lady of the Night", "year_first_movie": "1925", "credits": "105"}, {"name": "Kate Mara", "gender": 1, "year_born": "1983", "first_movie": "Law & Order", "year_first_movie": "1997", "credits": "61"}, {"name": "Chris Pine", "gender": 0, "year_born": "1980", "first_movie": "ER", "year_first_movie": "2003", "credits": "49"}, {"name": "Bryce Dallas Howard", "gender": 1, "year_born": "1981", "first_movie": "Parenthood", "year_first_movie": "1989", "credits": "33"}, {"name": "Halston Sage", "gender": 1, "year_born": "1993", "first_movie": "Victorious", "year_first_movie": "2011", "credits": "19"}, {"name": "Kate Beckinsale", "gender": 1, "year_born": "1973", "first_movie": "Couples", "year_first_movie": "1975", "credits": "48"}, {"name": "Connie Nielsen", "gender": 1, "year_born": "1965", "first_movie": "How Did You Get In? We Didn't See You Leave", "year_first_movie": "1984", "credits": "51"}, {"name": "Auli'i Cravalho", "gender": 1, "year_born": "2000", "first_movie": "Moana", "year_first_movie": "2016/I", "credits": "4"}, {"name": "M\u00e4dchen Amick", "gender": 1, "year_born": "1970", "first_movie": "Star Trek: The Next Generation", "year_first_movie": "1989", "credits": "75"}, {"name": "Serinda Swan", "gender": 1, "year_born": "1984", "first_movie": "Neal 'N' Nikki", "year_first_movie": "2005", "credits": "39"}, {"name": "Dave Bautista", "gender": 0, "year_born": "1969", "first_movie": "OVW: Christmas Chaos", "year_first_movie": "2001", "credits": "57"}, {"name": "Rose Leslie", "gender": 1, "year_born": "1987", "first_movie": "Locked Up Abroad", "year_first_movie": "2008", "credits": "19"}, {"name": "Annabelle Wallis", "gender": 1, "year_born": "1984", "first_movie": "Dil Jo Bhi Kahey...", "year_first_movie": "2005", "credits": "27"}, {"name": "Zoey Deutch", "gender": 1, "year_born": "1994", "first_movie": "NCIS", "year_first_movie": "2011", "credits": "23"}, {"name": "Sophie Turner", "gender": 1, "year_born": "1996", "first_movie": "Another Me", "year_first_movie": "2013", "credits": "13"}, {"name": "Dakota Johnson", "gender": 1, "year_born": "1989", "first_movie": "Crazy in Alabama", "year_first_movie": "1999", "credits": "29"}, {"name": "Rosamund Pike", "gender": 1, "year_born": "1979", "first_movie": "A Rather English Marriage", "year_first_movie": "1998", "credits": "46"}, {"name": "Elodie Yung", "gender": 1, "year_born": "1981", "first_movie": "La vie devant nous", "year_first_movie": "2002-2003", "credits": "22"}, {"name": "Shailene Woodley", "gender": 1, "year_born": "1991", "first_movie": "Replacing Dad", "year_first_movie": "1999", "credits": "33"}, {"name": "Nina Dobrev", "gender": 1, "year_born": "1989", "first_movie": "Playing House", "year_first_movie": "2006", "credits": "41"}, {"name": "Christian Navarro", "gender": 0, "year_born": "1966", "first_movie": "Day of the Dead 2: Contagium", "year_first_movie": "2005", "credits": "13"}]