[{"star_name": "Gal Gadot", "gender": 1, "year_born": "1985", "first_movie": "Bubot", "year_first_movie": "2007", "credits": "26"}, {"star_name": "Tom Hardy", "gender": 0, "year_born": "1977", "first_movie": "Tommaso", "year_first_movie": "2001", "credits": "55"}, {"star_name": "Emilia Clarke", "gender": 1, "year_born": "1986", "first_movie": "Empty Nest", "year_first_movie": "2009", "credits": "17"}, {"star_name": "Alexandra Daddario", "gender": 1, "year_born": "1986", "first_movie": "All My Children", "year_first_movie": "2002-2003", "credits": "55"}, {"star_name": "Bill Skarsg\u00e5rd", "gender": 0, "year_born": "1990", "first_movie": "J\u00e4rng\u00e4nget", "year_first_movie": "2000", "credits": "30"}, {"star_name": "Pom Klementieff", "gender": 1, "year_born": "1986", "first_movie": "Apr\u00e8s lui", "year_first_movie": "2007", "credits": "29"}, {"star_name": "Ana de Armas", "gender": 1, "year_born": "1988", "first_movie": "Una rosa de Francia", "year_first_movie": "2006", "credits": "25"}, {"star_name": "Dan Stevens", "gender": 0, "year_born": "1982", "first_movie": "Frankenstein", "year_first_movie": "2004", "credits": "38"}, {"star_name": "Sofia Boutella", "gender": 1, "year_born": "1982", "first_movie": "Le d\u00e9fi", "year_first_movie": "2002", "credits": "18"}, {"star_name": "Katherine Langford", "gender": 1, "year_born": "1996", "first_movie": "Story of Miss Oxygen", "year_first_movie": "2015", "credits": "9"}, {"star_name": "Karen Gillan", "gender": 1, "year_born": "1987", "first_movie": "Question of Blood", "year_first_movie": "2006", "credits": "51"}, {"star_name": "Margot Robbie", "gender": 1, "year_born": "1990", "first_movie": "Somersaulting Dogs", "year_first_movie": "2008", "credits": "34"}, {"star_name": "Felicity Jones", "gender": 1, "year_born": "1983", "first_movie": "The Treasure Seekers", "year_first_movie": "1998", "credits": "41"}, {"star_name": "Emma Stone", "gender": 1, "year_born": "1988", "first_movie": "The New Partridge Family", "year_first_movie": "2005", "credits": "43"}, {"star_name": "Dylan Minnette", "gender": 0, "year_born": "1996", "first_movie": "I Always Wanted a Shaved Monkey", "year_first_movie": "2005", "credits": "46"}, {"star_name": "Jennifer Lawrence", "gender": 1, "year_born": "1990", "first_movie": "Mr. Monk and the Big Game", "year_first_movie": "2006", "credits": "31"}, {"star_name": "Alicia Vikander", "gender": 1, "year_born": "1988", "first_movie": "Min balsamerade mor", "year_first_movie": "2002", "credits": "36"}, {"star_name": "Britt Robertson", "gender": 1, "year_born": "1990", "first_movie": "Buried Secrets", "year_first_movie": "2000", "credits": "51"}, {"star_name": "Ruby Rose", "gender": 1, "year_born": "1986", "first_movie": "Boys Like You", "year_first_movie": "2011", "credits": "14"}, {"star_name": "Brie Larson", "gender": 1, "year_born": "1989", "first_movie": "The Tonight Show with Jay Leno", "year_first_movie": "1998", "credits": "58"}, {"star_name": "Keanu Reeves", "gender": 0, "year_born": "1964", "first_movie": "Happiness Is a Warm Grover", "year_first_movie": "1984", "credits": "94"}, {"star_name": "Sophia Lillis", "gender": 1, "year_born": "2002", "first_movie": "The Lipstick Stain", "year_first_movie": "2014", "credits": "13"}, {"star_name": "Jessica Henwick", "gender": 1, "year_born": "1992", "first_movie": "St Trinian's 2: The Legend of Fritton's Gold", "year_first_movie": "2009", "credits": "25"}, {"star_name": "Cara Delevingne", "gender": 1, "year_born": "1992", "first_movie": "Anna Karenina", "year_first_movie": "2012", "credits": "20"}, {"star_name": "Haley Bennett", "gender": 1, "year_born": "1988", "first_movie": "Music and Lyrics", "year_first_movie": "2007", "credits": "25"}, {"star_name": "Luke Evans", "gender": 0, "year_born": "1979", "first_movie": "Taboo", "year_first_movie": "2003", "credits": "40"}, {"star_name": "Teresa Palmer", "gender": 1, "year_born": "1986", "first_movie": "Wolf Creek", "year_first_movie": "2005", "credits": "32"}, {"star_name": "Tom Holland", "gender": 0, "year_born": "1996", "first_movie": "The Secret World of Arrietty", "year_first_movie": "2010", "credits": "23"}, {"star_name": "Alison Brie", "gender": 1, "year_born": "1982", "first_movie": "Stolen Poem", "year_first_movie": "2004", "credits": "61"}, {"star_name": "Robin Wright", "gender": 1, "year_born": "1966", "first_movie": "The Yellow Rose", "year_first_movie": "1983-1984", "credits": "55"}, {"star_name": "Zendaya", "gender": 1, "year_born": "1996", "first_movie": "Bella Thorne & Zendaya: Watch Me", "year_first_movie": "2011", "credits": "39"}, {"star_name": "Emma Watson", "gender": 1, "year_born": "1990", "first_movie": "Harry Potter and the Sorcerer's Stone", "year_first_movie": "2001", "credits": "22"}, {"star_name": "Scarlett Johansson", "gender": 1, "year_born": "1984", "first_movie": "North", "year_first_movie": "1994", "credits": "63"}, {"star_name": "Dafne Keen", "gender": 1, "year_born": null, "first_movie": "Sacrificio", "year_first_movie": "2014-2015", "credits": "4"}, {"star_name": "Kelly Rohrbach", "gender": 1, "year_born": "New York City, New York, USA", "first_movie": "Dairy Queen", "year_first_movie": "2013", "credits": "16"}, {"star_name": "Eiza Gonz\u00e1lez", "gender": 1, "year_born": "1990", "first_movie": "Lola: \u00c9rase una vez", "year_first_movie": "2007", "credits": "18"}, {"star_name": "Laura Haddock", "gender": 1, "year_born": "1985", "first_movie": "Life Begins at Fifty", "year_first_movie": "2007", "credits": "35"}, {"star_name": "Mary Elizabeth Winstead", "gender": 1, "year_born": "1984", "first_movie": "A Delicate Balance", "year_first_movie": "1997", "credits": "53"}, {"star_name": "Taron Egerton", "gender": 0, "year_born": "1989", "first_movie": "The Last of the Haussmans", "year_first_movie": "2012", "credits": "16"}, {"star_name": "Anya Taylor-Joy", "gender": 1, "year_born": "1996", "first_movie": "Vampire Academy", "year_first_movie": "2014", "credits": "19"}, {"star_name": "Elizabeth Debicki", "gender": 1, "year_born": "1990", "first_movie": "A Few Best Men", "year_first_movie": "2011", "credits": "22"}, {"star_name": "Katheryn Winnick", "gender": 1, "year_born": "1977", "first_movie": "Sacrifices", "year_first_movie": "1999", "credits": "62"}, {"star_name": "Sean Young", "gender": 1, "year_born": "1959", "first_movie": "Jane Austen in Manhattan", "year_first_movie": "1980", "credits": "121"}, {"star_name": "Bill Paxton", "gender": 0, "year_born": "1955", "first_movie": "Crazy Mama", "year_first_movie": "1975", "credits": "96"}, {"star_name": "Charlie Hunnam", "gender": 0, "year_born": "1980", "first_movie": "My Wonderful Life", "year_first_movie": "1996", "credits": "26"}, {"star_name": "Yvonne Strahovski", "gender": 1, "year_born": "1982", "first_movie": "Fear Factory", "year_first_movie": "2004", "credits": "35"}, {"star_name": "Jason Momoa", "gender": 0, "year_born": "1979", "first_movie": "The Return of Jessie", "year_first_movie": "1999-2001", "credits": "28"}, {"star_name": "Lily James", "gender": 1, "year_born": "1989", "first_movie": "The Sweet Little Girl in White", "year_first_movie": "2010", "credits": "24"}, {"star_name": "Jodie Whittaker", "gender": 1, "year_born": "1982", "first_movie": "The Last Will and Testament of Billy Two-Sheds", "year_first_movie": "2006", "credits": "50"}, {"star_name": "Ryan Gosling", "gender": 0, "year_born": "1980", "first_movie": "The Tale of Station 109.1", "year_first_movie": "1995", "credits": "43"}, {"star_name": "Adrianne Palicki", "gender": 1, "year_born": "1983", "first_movie": "Rewrite", "year_first_movie": "2003", "credits": "44"}, {"star_name": "Millie Bobby Brown", "gender": 1, "year_born": "2004", "first_movie": "Down the Rabbit Hole", "year_first_movie": "2013", "credits": "11"}, {"star_name": "Allison Williams", "gender": 1, "year_born": "1988", "first_movie": "Stewart's Charge", "year_first_movie": "2004", "credits": "14"}, {"star_name": "Chris Pratt", "gender": 0, "year_born": "1979", "first_movie": "Cursed Part 3", "year_first_movie": "2000", "credits": "50"}, {"star_name": "Katherine Waterston", "gender": 1, "year_born": "1980", "first_movie": "Americana", "year_first_movie": "2004", "credits": "43"}, {"star_name": "Tom Cruise", "gender": 0, "year_born": "1962", "first_movie": "Endless Love", "year_first_movie": "1981", "credits": "46"}, {"star_name": "Johnny Depp", "gender": 0, "year_born": "1963", "first_movie": "A Nightmare on Elm Street", "year_first_movie": "1984", "credits": "89"}, {"star_name": "James McAvoy", "gender": 0, "year_born": "1979", "first_movie": "The Near Room", "year_first_movie": "1995", "credits": "54"}, {"star_name": "Travis Fimmel", "gender": 0, "year_born": "1979", "first_movie": "Jennifer Lopez: I'm Real", "year_first_movie": "2001", "credits": "26"}, {"star_name": "Charlize Theron", "gender": 1, "year_born": "1975", "first_movie": "Children of the Corn III: Urban Harvest", "year_first_movie": "1995", "credits": "58"}, {"star_name": "Cole Sprouse", "gender": 0, "year_born": "1992", "first_movie": "Digging Up the Dirt", "year_first_movie": "1993-1998", "credits": "35"}, {"star_name": "Kaya Scodelario", "gender": 1, "year_born": "1992", "first_movie": "Moon", "year_first_movie": "2009", "credits": "23"}, {"star_name": "Abigail Breslin", "gender": 1, "year_born": "1996", "first_movie": "Toys R Us: 1999 Commercial", "year_first_movie": "1999", "credits": "46"}, {"star_name": "Daisy Ridley", "gender": 1, "year_born": "1992", "first_movie": "Only Yesterday", "year_first_movie": "1991", "credits": "33"}, {"star_name": "Emily Browning", "gender": 1, "year_born": "1988", "first_movie": "The Echo of Thunder", "year_first_movie": "1998", "credits": "30"}, {"star_name": "Christopher Nolan", "gender": 2, "year_born": "1970", "first_movie": "Tarantella", "year_first_movie": "1989", "credits": null}, {"star_name": "Zoe Saldana", "gender": 1, "year_born": "1978", "first_movie": "Refuge: Part 2", "year_first_movie": "1999", "credits": "58"}, {"star_name": "Lena Headey", "gender": 1, "year_born": "1973", "first_movie": "Waterland", "year_first_movie": "1992", "credits": "77"}, {"star_name": "Hugh Jackman", "gender": 0, "year_born": "1968", "first_movie": "Win, Lose and Draw", "year_first_movie": "1994", "credits": "56"}, {"star_name": "Kit Harington", "gender": 0, "year_born": "1986", "first_movie": "Silent Hill: Revelation", "year_first_movie": "2012", "credits": "14"}, {"star_name": "Leonardo DiCaprio", "gender": 0, "year_born": "1974", "first_movie": "Romper Room and Friends", "year_first_movie": "1979", "credits": "42"}, {"star_name": "Malina Weissman", "gender": 1, "year_born": "2003", "first_movie": "Teenage Mutant Ninja Turtles", "year_first_movie": "2014", "credits": "6"}, {"star_name": "Finn Jones", "gender": 0, "year_born": "1988", "first_movie": "Hollyoaks Later", "year_first_movie": "2009", "credits": "14"}, {"star_name": "Chlo\u00eb Grace Moretz", "gender": 1, "year_born": "1997", "first_movie": "The Watchers", "year_first_movie": "2004", "credits": "65"}, {"star_name": "Alexander Skarsg\u00e5rd", "gender": 0, "year_born": "1976", "first_movie": "\u00c5ke och hans v\u00e4rld", "year_first_movie": "1984", "credits": "60"}, {"star_name": "Amy Adams", "gender": 1, "year_born": "1974", "first_movie": "Drop Dead Gorgeous", "year_first_movie": "1999", "credits": "59"}, {"star_name": "Bella Thorne", "gender": 1, "year_born": "1997", "first_movie": "Stuck on You", "year_first_movie": "2003", "credits": "81"}, {"star_name": "Rebecca Ferguson", "gender": 1, "year_born": "1983", "first_movie": "Nya tider", "year_first_movie": "1999-2000", "credits": "28"}, {"star_name": "Julia Garner", "gender": 1, "year_born": "New York City, New York, USA", "first_movie": "The Dreamer", "year_first_movie": "2010", "credits": "28"}, {"star_name": "Joan Crawford", "gender": 1, "year_born": "1906", "first_movie": "Lady of the Night", "year_first_movie": "1925", "credits": "106"}, {"star_name": "Kate Mara", "gender": 1, "year_born": "1983", "first_movie": "Shadow", "year_first_movie": "1997", "credits": "63"}, {"star_name": "Chris Pine", "gender": 0, "year_born": "1980", "first_movie": "A Thousand Cranes", "year_first_movie": "2003", "credits": "49"}, {"star_name": "Bryce Dallas Howard", "gender": 1, "year_born": "1981", "first_movie": "Parenthood", "year_first_movie": "1989", "credits": "35"}, {"star_name": "Halston Sage", "gender": 1, "year_born": "1993", "first_movie": "Beggin' on Your Knees", "year_first_movie": "2011", "credits": "19"}, {"star_name": "Kate Beckinsale", "gender": 1, "year_born": "1973", "first_movie": "Couples", "year_first_movie": "1975", "credits": "49"}, {"star_name": "Connie Nielsen", "gender": 1, "year_born": "1965", "first_movie": "How Did You Get In? We Didn't See You Leave", "year_first_movie": "1984", "credits": "54"}, {"star_name": "Auli'i Cravalho", "gender": 1, "year_born": "2000", "first_movie": "Moana", "year_first_movie": "2016", "credits": "5"}, {"star_name": "M\u00e4dchen Amick", "gender": 1, "year_born": "1970", "first_movie": "The Dauphin", "year_first_movie": "1989", "credits": "74"}, {"star_name": "Serinda Swan", "gender": 1, "year_born": "1984", "first_movie": "Neal 'N' Nikki", "year_first_movie": "2005", "credits": "41"}, {"star_name": "Dave Bautista", "gender": 0, "year_born": "1969", "first_movie": "OVW: Christmas Chaos", "year_first_movie": "2001", "credits": "61"}, {"star_name": "Rose Leslie", "gender": 1, "year_born": "1987", "first_movie": "Lima", "year_first_movie": "2008", "credits": "19"}, {"star_name": "Annabelle Wallis", "gender": 1, "year_born": "1984", "first_movie": "Dil Jo Bhi Kahey...", "year_first_movie": "2005", "credits": "27"}, {"star_name": "Zoey Deutch", "gender": 1, "year_born": "1994", "first_movie": "One Last Score", "year_first_movie": "2011", "credits": "25"}, {"star_name": "Sophie Turner", "gender": 1, "year_born": "1996", "first_movie": "Another Me", "year_first_movie": "2013", "credits": "13"}, {"star_name": "Dakota Johnson", "gender": 1, "year_born": "1989", "first_movie": "Crazy in Alabama", "year_first_movie": "1999", "credits": "29"}, {"star_name": "Rosamund Pike", "gender": 1, "year_born": "1979", "first_movie": "A Rather English Marriage", "year_first_movie": "1998", "credits": "47"}, {"star_name": "Elodie Yung", "gender": 1, "year_born": "1981", "first_movie": "Trahison", "year_first_movie": "2002-2003", "credits": "22"}, {"star_name": "Shailene Woodley", "gender": 1, "year_born": "1991", "first_movie": "Replacing Dad", "year_first_movie": "1999", "credits": "33"}, {"star_name": "Nina Dobrev", "gender": 1, "year_born": "1989", "first_movie": "Playing House", "year_first_movie": "2006", "credits": "41"}, {"star_name": "Christian Navarro", "gender": 0, "year_born": null, "first_movie": "Day of the Dead 2: Contagium", "year_first_movie": "2005", "credits": "13"}]